# id	speaker	fx	rate	text
# speaker: GROMOV | MARINA | CUP | ORION
# fx: helmet | dry | radio | ground | ai
# rate: piper length_scale multiplier (<1 faster, >1 slower)
# U+0301 (combining acute) after a vowel forces the stress; it is stripped from subtitles.
ff01	ORION	ai	1.00	Критическая потеря давления.
i01	ORION	ai	1.00	Доброе утро, командир. Это ваш шестнадцатый рассвет за сутки.
i02	MARINA	radio	1.00	Лёш, ну что там с антенной? Земля третий час ждёт телеметрию.
i03	GROMOV	helmet	1.00	Почти закончил. Ещё пять минут, и я дома. Ставь свой ужасный кофе.
i04	MARINA	radio	1.00	Мой кофе — лучшее, что есть на этой орбите. Ну, кроме вида.
w01	CUP	ground	0.90	Заря, Заря, я Земля! Срочно! На орбите разрушен спутник. Облако обломков идёт прямо на вас!
w02	ORION	ai	0.95	Подтверждаю. Множественные объекты. Контакт через девяносто секунд.
w03	MARINA	radio	0.90	Лёша, бросай всё! Возвращайся в шлюз!
w04	GROMOV	helmet	0.95	Если бросим антенну, останемся без связи с Землёй...
c1a	GROMOV	helmet	0.90	Понял. Иду к шлюзу!
c1b1	GROMOV	helmet	0.90	Мне нужно двадцать секунд! Всего двадцать!
c1b2	MARINA	radio	0.90	Ты сумасшедший, Гро́мов!
c1b3	GROMOV	helmet	0.90	Есть! Антенна закреплена!
c1b4	CUP	ground	0.90	Заря, телеметрию видим! Уходите оттуда!
s01	ORION	ai	0.90	Контакт.
s02	GROMOV	helmet	0.85	Трос! Трос оборвало!
s03	GROMOV	helmet	0.95	Держусь... Держусь.
s04	ORION	ai	0.95	Внимание. Повреждение шлема. Утечка воздуха.
s05	ORION	ai	0.95	Пробоина в модуле «Бета». Утечка атмосферы.
s06	MARINA	radio	0.95	Лёша... Я в «Бете». Люк заклинило!
s07	GROMOV	helmet	0.90	Марина! Я уже́ в шлюзе. Держись!
n01	ORION	ai	0.95	Давление в модуле «Бета» — шестьдесят процентов. Протокол требует изолировать модуль.
n02	GROMOV	dry	0.90	Отставить протокол!
n03	ORION	ai	0.95	Через двадцать секунд утечка станет угрозой для всей станции, командир.
n04	MARINA	radio	1.00	Лёша, я вижу тебя... Решай. Только быстрее.
o01	GROMOV	dry	0.90	Держись! Сейчас вытащу!
o02	MARINA	dry	0.95	Лёша!
o03	GROMOV	dry	1.00	Я держу тебя. Всё. Держу.
o04	ORION	ai	1.00	Модуль «Бета» изолирован. Экипаж — два человека.
o05	ORION	ai	0.95	Командир, ваш скафандр повреждён. Давление падает.
o06	MARINA	dry	1.00	Я с тобой, Лёша. Дыши. Просто дыши.
x01	GROMOV	dry	1.05	Орио́н... Изолировать модуль «Бета».
x02	ORION	ai	1.00	Выполняю.
x03	MARINA	radio	1.10	Всё правильно, Лёша. Ты всё сделал правильно.
x04	MARINA	radio	1.10	Посмотри за меня на рассвет. Хорошо?
x05	GROMOV	dry	1.15	Марина... Прости меня.
d01	ORION	ai	0.95	Критическое предупреждение. Клапан маршевого двигателя заклинило. Станция теряет высоту.
d02	ORION	ai	0.95	Вход в плотные слои атмосферы — через четыре минуты.
d03	CUP	ground	0.95	Заря, видим вашу телеметрию! Клапан можно перекрыть вручную, в четвёртой секции. Или уходите на капсуле. Решать вам, командир.
d04	ORION	ai	1.00	Связи с Землёй нет. Вероятность ручного перекрытия клапана — тридцать процентов.
d05	MARINA	dry	0.95	Лёша, капсула готова. Мы ещё можем уйти.
d06	GROMOV	dry	1.05	Девять лет на этой станции... Неужели вот так всё закончится?
e01	GROMOV	dry	0.90	Уходим. Отстыковка!
e02	ORION	ai	1.05	Отстыковка выполнена. Прощайте, командир. Было честью служить с вами.
e03	CUP	ground	0.95	«Стриж», видим вас! Поисковые группы уже в пути!
e04	GROMOV	dry	1.00	Земля, если слышите... Мы идём домой.
e04b	GROMOV	dry	1.05	Земля, если слышите... Я иду домой.
e05	MARINA	dry	1.05	Смотри... Она сгорает, как падающая звезда.
e06	GROMOV	dry	1.10	Прощай, Заря.
e07	GROMOV	dry	1.10	Прощай, Заря. Прощай, Марина.
v01	GROMOV	dry	0.95	Нет. Я перекро́ю его.
v02	GROMOV	dry	0.95	Марина, иди к капсуле. Если не вернусь — улетай без меня.
v03	MARINA	dry	0.95	Даже не думай умирать, Гро́мов.
v12	ORION	ai	0.95	Четвёртая секция. Температура клапана — восемьсот градусов.
v13	GROMOV	helmet	0.90	Давай же... Давай!
v04	ORION	ai	1.00	Двигатель отключён. Орбита стабилизируется.
v05	CUP	ground	0.95	Заря! Орбита стабильна! У вас получилось! Слышите? Получилось!
v06	MARINA	radio	1.05	Лёша... Посмотри на горизонт.
v07	GROMOV	helmet	1.10	Семнадцатый рассвет.
v08	GROMOV	helmet	1.15	Смотри, Марина. Рассвет. Как ты и просила.
v09	ORION	ai	1.00	Командир, температура обшивки критическая. Немедленно эвакуируйтесь.
v10	GROMOV	helmet	1.15	Земля, это Заря. Говорит командир Гро́мов. Сегодня... очень красивый рассвет.
v11	MARINA	radio	0.95	Лёша! Лёша, ответь мне!
i05	GROMOV	helmet	1.00	Орио́н, сколько у меня кислорода?
i06	ORION	ai	1.00	Шесть часов двенадцать минут. Пульс в норме. Вид — превосходный.
s08	MARINA	radio	0.90	Лёша! Лёша, ответь! Ты цел?
s09	GROMOV	helmet	0.95	Цел. Почти. Иду к шлюзу.
s10	ORION	ai	0.95	Поручень сорван. До шлюза — четыре метра открытого пространства.
n05	MARINA	radio	1.05	Здесь туман... Холодно. Я почти ничего не вижу.
n06	ORION	ai	0.95	Короткое замыкание во второй секции.
d07	ORION	ai	0.95	Высота — триста восемьдесят километров. Снижение ускоряется.
d08	GROMOV	dry	0.85	Держись за что-нибудь!
e08	GROMOV	dry	0.95	Входим в атмосферу. Сейчас будет жарко.
e10	CUP	ground	0.95	Вижу купол! «Стриж», вы дома!
v14	ORION	ai	1.05	Командир... Спасибо.
v15	GROMOV	helmet	1.15	Шестнадцать рассветов в сутки. Но этот я запомню навсегда.
v16	CUP	ground	1.05	Заря, ответьте! Заря!.. Заря...
a01	ORION	ai	0.95	Шлюз загерметизирован. Выравниваю давление.
a02	GROMOV	helmet	0.90	Быстрее... Ну же, быстрее!
